Age,Sex,Chest pain type,BP,Cholesterol,FBS over 120,EKG results,Max HR,Exercise angina,ST depression,Slope of ST,Number of vessels fluro,Thallium,Heart Disease
65,0,4,143,316,0,0,109,1,3.1,1,0,3,Presence
54,1,4,200,126,0,0,181,0,1.6,1,0,6,Presence
31,1,3,171,168,0,2,192,1,0.2,2,1,3,Absence
45,1,4,159,131,0,0,131,0,0.5,3,0,7,Presence
56,0,3,140,224,0,0,163,0,2.7,3,1,3,Absence
61,1,1,155,259,1,0,117,0,3.0,2,0,7,Absence
62,1,4,168,176,0,0,194,1,2.6,1,0,3,Presence
49,1,2,131,126,0,0,182,1,0.7,1,0,3,Presence
44,1,4,144,158,0,2,149,0,0.8,1,0,3,Absence
32,0,1,181,250,0,0,127,1,2.3,2,0,3,Absence
45,1,1,151,126,0,2,191,0,1.0,2,0,3,Absence
45,1,3,154,180,0,2,151,1,1.8,1,0,3,Presence
45,1,4,94,200,0,2,160,0,0.4,1,0,3,Presence
43,0,3,133,143,0,0,201,0,3.1,1,2,3,Absence
67,0,4,162,126,0,0,105,0,2.1,1,0,7,Absence
49,1,4,160,175,0,0,137,0,1.4,3,0,7,Presence
52,1,4,173,126,0,0,158,0,0.7,2,1,3,Presence
48,0,3,137,174,0,2,71,0,3.0,1,0,3,Absence
66,0,3,157,165,0,0,110,0,6.2,3,0,7,Absence
29,0,4,171,217,0,0,171,0,0.0,1,0,3,Presence
52,1,3,156,219,0,2,146,0,3.0,2,0,7,Presence
54,1,4,168,156,0,0,126,0,0.3,3,2,7,Presence
49,0,3,159,151,0,0,183,0,0.4,1,0,7,Absence
36,0,3,152,175,0,2,188,0,2.3,2,1,3,Absence
48,0,4,146,163,1,2,119,0,2.6,1,0,3,Absence
60,1,3,150,206,0,0,131,0,2.6,2,0,3,Presence
29,1,1,136,249,0,0,142,0,1.8,2,0,3,Presence
30,0,4,170,130,0,0,117,1,1.4,2,0,7,Presence
32,1,4,174,351,0,2,159,1,0.0,1,3,7,Absence
50,1,4,144,181,1,2,156,1,1.9,1,0,7,Presence
29,1,2,165,126,0,0,183,0,2.4,2,0,7,Presence
35,1,4,146,126,0,2,159,0,2.5,1,0,3,Absence
59,1,4,156,126,0,2,173,0,2.3,1,3,3,Absence
62,0,3,139,179,0,0,202,1,0.0,1,0,3,Presence
38,1,3,108,298,1,2,73,0,6.2,2,2,3,Absence
44,1,4,175,144,0,0,145,1,0.5,1,0,6,Presence
39,1,4,150,148,0,2,193,0,0.3,1,0,3,Absence
42,0,4,126,135,0,0,182,1,2.0,2,0,3,Presence
48,1,3,129,126,0,2,96,1,0.6,2,1,3,Presence
38,0,4,157,247,0,0,160,1,0.7,1,2,7,Presence
31,1,4,146,164,1,0,176,0,0.3,2,0,3,Absence
40,1,4,200,221,0,0,129,1,3.2,2,0,7,Absence
56,1,2,200,126,0,0,178,0,2.1,2,0,6,Absence
45,1,4,143,212,0,0,169,1,2.2,1,1,3,Absence
58,1,4,200,157,0,0,103,0,3.5,2,0,7,Absence
36,1,3,157,127,0,2,148,0,2.8,1,1,3,Presence
55,1,3,116,126,0,0,110,0,4.7,1,2,3,Absence
44,0,1,130,139,0,0,191,0,0.4,2,2,3,Absence
49,1,4,108,191,0,0,183,0,2.1,2,0,6,Presence
62,1,1,168,211,0,2,128,1,2.2,2,0,3,Presence
54,1,3,170,152,0,2,149,1,0.9,1,0,3,Presence
53,1,4,136,132,0,0,172,0,1.5,3,0,3,Presence
38,1,3,156,187,0,2,133,0,2.0,2,0,7,Presence
42,0,4,179,126,0,0,127,0,3.2,2,2,3,Presence
42,1,3,118,126,0,0,139,0,3.3,2,0,3,Absence
51,1,4,157,222,0,0,160,0,2.3,2,1,7,Absence
48,1,3,172,126,0,2,148,0,0.6,1,0,6,Absence
45,0,3,161,126,0,2,160,0,0.2,2,0,7,Absence
41,0,3,154,130,0,2,146,0,0.1,1,3,6,Presence
36,0,3,153,147,0,0,202,1,1.1,1,1,3,Presence
66,0,4,169,126,0,2,197,0,5.0,1,0,7,Presence
67,0,3,135,126,0,2,118,1,1.0,1,0,7,Presence
58,1,3,127,205,1,2,116,1,2.5,2,0,3,Absence
41,1,1,156,126,0,0,193,1,0.6,2,0,3,Absence
29,0,4,164,133,1,2,127,0,3.0,1,1,7,Absence
54,1,4,134,180,0,2,175,0,5.8,1,0,7,Absence
52,1,3,159,144,0,2,163,1,1.9,1,0,6,Presence
70,1,4,133,139,0,0,131,0,0.5,2,0,3,Presence
38,1,3,163,261,0,2,167,0,2.6,2,0,7,Absence
56,0,4,163,172,1,2,124,1,2.5,1,0,6,Presence
54,1,4,126,310,1,0,100,1,0.0,1,0,3,Presence
31,0,3,165,157,0,0,160,1,2.4,2,0,3,Presence
55,1,3,164,126,1,0,110,0,2.2,2,0,3,Presence
39,1,4,200,135,0,2,160,1,0.2,2,0,3,Presence
29,0,2,152,126,0,2,156,0,0.6,2,0,3,Presence
52,1,4,117,176,0,2,151,0,4.5,2,0,7,Absence
44,1,3,116,126,1,2,148,0,0.6,1,0,3,Absence
41,1,3,138,170,0,0,155,0,1.4,2,2,3,Presence
56,1,4,106,239,0,2,193,0,0.7,2,1,3,Absence
38,0,4,153,153,0,2,139,0,1.2,1,0,7,Presence
52,1,4,96,264,0,0,113,1,1.7,1,0,3,Absence
44,1,4,200,134,0,0,145,1,2.1,2,1,3,Absence
50,1,4,176,292,0,0,150,1,0.0,2,1,3,Presence
48,1,2,190,132,0,2,140,0,1.3,2,0,3,Presence
35,1,3,172,134,1,0,128,1,0.5,1,0,3,Presence
38,0,4,152,185,0,0,98,0,0.4,2,0,7,Presence
47,0,3,149,135,0,2,175,1,2.0,1,0,3,Absence
33,0,4,109,126,1,2,153,1,0.5,2,0,3,Presence
41,1,2,129,208,1,0,189,0,3.1,1,0,7,Presence
29,0,3,160,146,1,2,124,0,1.6,1,0,3,Presence
50,0,2,148,202,0,0,127,0,3.8,1,2,3,Presence
76,0,4,159,293,1,2,141,1,2.7,1,2,3,Presence
54,1,4,169,169,0,0,114,1,2.7,2,1,7,Presence
32,1,4,120,158,0,0,170,1,0.4,3,0,3,Presence
47,1,1,145,126,0,0,118,1,0.7,1,0,3,Absence
47,1,4,153,126,1,0,114,0,0.0,1,0,6,Presence
61,0,4,113,288,0,2,198,1,2.3,1,0,7,Presence
41,1,4,200,202,0,2,110,0,1.2,1,0,7,Absence
29,1,3,159,232,0,0,122,1,0.6,1,0,3,Presence
43,0,3,140,182,0,0,109,0,0.0,2,0,3,Presence
