EmpID,Name,Age,Salary 
2000991,BBB,36.0, 
7615325,EEE,,900000 
7432257,FFF,23.0, 
5930388,FFF,25.0, 
2904584,EEE,26.0,900000 
16159053,HHH,, 
9332125,EEE,37.0, 
15687112,FFF,24.0, 
4232021,HHH,27.0, 
2985349,EEE,28.0, 
1414111,BBB,47.0,3200000 
14853479,FFF,34.0,2100000 
1869947,FFF,38.0, 
4183425,AAA,24.0,2100000 
8932182,FFF,31.0, 
1172098,AAA,38.0, 
13085207,BBB,36.0,2100000 
14090164,BBB,45.0, 
8672644,AAA,30.0, 
13777846,AAA,23.0,2100000 
12753289,EEE,30.0,1500000 
1781338,BBB,37.0, 
3483819,BBB,33.0,2100000 
14833559,BBB,30.0,2100000 
3094235,FFF,6.0,2100000 
13483341,GGG,30.0, 
7036145,BBB,39.0, 
5559270,EEE,31.0,1500000 
5462619,FFF,53.0, 
7653005,DDD,, 
12396881,EEE,52.0, 
10343669,FFF,32.0, 
116159,HHH,22.0,2100000 
4924926,BBB,36.0, 
2562717,GGG,36.0, 
1168338,BBB,38.0, 
4540571,BBB,38.0,1500000 
14703695,EEE,,3200000 
4949884,EEE,,1700000 
15329294,HHH,36.0, 
15157763,EEE,28.0,900000 
13045870,DDD,39.0,3200000 
1512669,BBB,,900000 
7467393,BBB,,3200000 
15229935,HHH,37.0, 
570415,EEE,22.0,900000 
6076269,BBB,18.0,2100000 
6452706,FFF,,2100000 
14303975,CCC,24.0,1500000 
15815794,BBB,43.0, 
11235368,DDD,54.0, 
9322646,BBB,36.0,2100000 
2332718,EEE,46.0,3200000 
5979768,FFF,31.0,900000 
1576006,DDD,, 
11462648,BBB,37.0, 
12161156,BBB,38.0, 
11048006,GGG,31.0, 
9209430,BBB,39.0, 
15384292,GGG,39.0, 
10779586,BBB,37.0, 
15610595,EEE,36.0,1500000 
11492820,EEE,44.0,1500000 
8259640,GGG,36.0, 
9814427,EEE,36.0, 
13498449,BBB,, 
2557689,BBB,37.0,2100000 
2194460,DDD,48.0, 
11036658,BBB,21.0,2100000 
12480929,CCC,25.0, 
10535369,EEE,31.0,1500000 
10213302,HHH,,2100000 
578462,DDD,42.0, 
9248959,DDD,, 
3400093,CCC,30.0, 
11489917,HHH,37.0, 
7760475,BBB,36.0, 
16290912,DDD,35.0, 
947715,BBB,18.0,2100000 
3608172,AAA,39.0, 
13628063,EEE,24.0,900000 
13159457,EEE,38.0, 
9206945,BBB,,2100000 
11009587,DDD,46.0, 
1067331,BBB,36.0,1700000 
15911768,BBB,37.0,3200000 
445393,DDD,,900000 
15509641,EEE,,1500000 
5177361,FFF,,2100000 
6359026,GGG,33.0, 
480180,BBB,37.0,1700000 
14907725,EEE,30.0,2100000 
12176995,EEE,26.0,2100000 
4613474,GGG,, 
2314442,DDD,24.0, 
3870546,DDD,43.0,1500000 
7360600,FFF,24.0, 
4387617,HHH,36.0, 
9048842,HHH,45.0, 
11682232,FFF,50.0, 
